y_test,y_tepred
0,0.002242082210493669
0,0.0022610858307137876
0,0.0007997993382847956
0,0.050140225002531215
0,0.0003144405151236505
0,0.0008199185812395989
0,0.0006377232207318453
0,0.0007324187039309701
0,0.002200189594548534
0,0.035481416281631
0,0.001217988465052157
0,0.0023630451799138315
0,0.000851482394915119
0,0.10765024099400071
0,0.0008881822721969181
0,0.0008042955525317476
0,0.00037327981370195034
0,0.001427581795638945
0,0.026735018994987404
0,0.00021211248173893559
0,0.001930921935730083
0,0.012588747832185996
0,0.0006248812865954214
0,0.0007271663916547773
0,0.00017399940871914724
0,0.0007779031251451354
0,0.00018217875836989232
0,0.00018487549814574886
0,0.00017227139942446826
0,0.0031319323358087185
0,0.08334254775570155
0,0.000522785486340151
0,0.003972650099099141
0,0.0014410181331004854
0,0.000970687512625515
0,0.00030090696545466596
0,0.0006010654419766222
0,0.0036167929785628915
0,0.0007720412058595934
0,0.00023301693528654356
0,0.01286031377419767
0,0.0001925028482591898
1,0.631539009955143
0,0.00025916243873986183
0,0.0020306556738553436
0,0.0020636715335818107
0,0.00044468986079286706
0,0.00019068706315897706
0,0.000650529796200422
0,0.0012858663342767505
0,0.0018764467931077047
0,0.000298268434813448
0,0.000942009462308484
0,0.0020064761805941266
1,0.9111241994246964
0,0.000916729744260178
0,0.00017286273489284962
0,0.00047373919310138247
0,0.0027643552437084636
0,0.0029865906011556534
0,0.0450192846577114
0,0.0016514554259938177
0,0.004725942580481696
0,0.0022956220322947404
0,0.00021863239524542684
0,0.00035484879737380923
0,0.0035494939270662574
0,0.001661518919139808
0,0.0021779524573810587
0,0.0018470567454007879
0,0.000570902584907272
0,0.0007349181007025727
0,0.0007838893616887593
0,0.0031536897243371644
0,0.0020922833692362483
0,0.007168809717456693
0,0.001781167538030188
0,0.0003795218773023694
0,0.0015766707661406933
0,0.0029471880803296027
0,0.0104929829620736
0,0.00018829348252347004
0,0.0008331532609862127
0,0.0007325353088870281
0,0.004486626997041151
0,0.001926670177260341
0,0.000748055520485286
0,0.0034184128436953428
0,0.0002271668218462658
0,0.00249136700221591
0,0.002229838662588857
0,0.004353577281074077
0,0.0008044464138918504
0,0.00018682626984196137
0,0.003407131508670271
0,0.0012789687486236335
0,0.00022238106465970685
0,0.0007827201723507661
0,0.0002532059187799056
0,0.00019607489104378617
0,0.0011912679176540584
0,0.00018280505879976125
0,0.00048602636457128356
0,0.001143143919467195
0,0.00042132151733556274
0,0.0007322760880408773
0,0.0011190748131877876
0,0.16205461457341833
0,0.0014698055832557029
0,0.7783270737482634
0,0.0013203731638690393
0,0.00021123459277265667
0,0.0021571403439046987
0,0.0015223079324076056
0,0.24420160456779597
0,0.0031344828673705357
0,0.0014528535720213522
0,0.00046056263734310475
0,0.0008992862236584147
0,0.0008341356550299839
0,0.003912831330675663
0,0.002071031004606202
0,0.0013362536914539635
1,0.6108204973927194
0,0.001177044366998993
0,0.003024641949218576
0,0.000193807331638465
0,0.0012954994482739844
0,0.0011415479763229588
0,0.004223731218570669
0,0.0005002721777567964
0,0.010401388857748276
0,0.0005305185131237242
0,0.0006058992610145388
0,0.0008042637865737343
0,0.001358830115026854
1,0.7050852161953363
0,0.0008650138045517418
0,0.0005669461298263192
0,0.002769856651663722
0,0.002376248047878475
0,0.0001807918305960166
0,0.00019551133500322077
0,0.002241810289829922
0,0.0025637629545717175
0,0.0008553979432612734
0,0.0014772268323975705
0,0.0033486174726796605
1,0.04723298224117601
0,0.0004802682016902054
0,0.030635275181823983
0,0.0006465064062813011
0,0.0029364666878648376
0,0.00025718774490703246
0,0.000193232573111229
0,0.0044373518106563675
0,0.0015404724719718912
0,0.00021239740847508277
1,0.4279662142910456
0,0.0002499718884762754
0,0.0010807395098432187
1,0.859275730890461
0,0.001264555706097683
0,0.001413349432623877
1,0.9273930202409305
0,0.0007320453828916599
0,0.0007373849549323813
0,0.001656143093699185
0,0.0020105562293726304
0,0.0011456985680273466
0,0.0005998635718878773
0,0.0010251551457898524
0,0.00099358295548417
0,0.0013679793919701183
0,0.00017645027482260524
0,0.0006058520402584294
0,0.0817545933579296
0,0.0004674453679423948
0,0.00017807849470732076
0,0.0006996886727231449
0,0.0018010092194169324
0,0.00019181285155723274
0,0.000804320663693884
0,0.00041936015953009716
0,0.00026158153123566444
0,0.00019044114568550241
0,0.0007827201723507661
0,0.0004716023161477721
0,0.00018934272905589191
0,0.0007125787467960315
0,0.004124642514339939
0,0.0019258274832074697
0,0.004188831901305166
0,0.0001806120485144988
1,0.12201833567846038
0,0.0002537754776742101
0,0.0015552611955746286
0,0.00022923932701554304
0,0.035521947932336866
0,0.0002536738609545806
0,0.0016940875738113363
0,0.000270826882209975
0,0.00018255867947825655
0,0.0015542157822550627
0,0.0008170492215978309
0,0.0004176379999792437
0,0.00207929481289114
0,0.0012873285164249338
0,0.00038504748991322144
0,0.001920657453157663
1,0.9317375915569521
0,0.000581940804213925
0,0.0016213393090975725
0,0.0013809501175160554
0,0.00018820477342460534
0,0.00030184867743159895
0,0.00018445141751349584
0,0.0015990457992024658
0,0.01277155845716766
0,0.00018445141751349584
0,0.00041415287520899923
0,0.0002956497269936351
0,0.00019070973961526804
0,0.0015491653645500864
0,0.0007663628933190174
0,0.00018014004017790608
0,0.0002597210926596814
0,0.007016328335799975
0,0.0004469402690631431
0,0.0022503321911472043
0,0.004071600111696366
0,0.0009738530402220727
0,0.002047191120698575
0,0.0019052898039238005
0,0.003348771519754642
0,0.0034239842477854082
0,0.00046282137832230505
0,0.010107491524090942
0,0.0019882159209955027
0,0.001742010561624236
1,0.5901851894307599
0,0.00028043145190492276
0,0.0032794102509564314
0,0.0002449818486683399
0,0.0004482847754504293
0,0.00026697624997546577
0,0.00019064081693314364
0,0.0018157473670953681
0,0.000733820704239754
0,0.006303063893958664
0,0.7849693599386066
0,0.0014995062544381848
0,0.0011649840986730647
0,0.0001973406022327229
0,0.010315557135324224
0,0.00019458859198900828
0,0.00019243898117195314
0,0.00028655877182873164
0,0.0005425801479551926
0,0.009035489942166974
0,0.00024335783478025402
0,0.0006490322230363912
0,0.004145065995596508
0,0.002523895234313694
0,0.043333985853948744
0,0.00023430061184102392
0,0.0005724199826440906
0,0.0012130978659548712
0,0.000179543435097089
0,0.0006208256959130673
0,0.00018678094545522043
0,0.0008489637599293138
0,0.006183964861009457
0,0.00018939784367867337
0,0.001973002657846016
0,0.001105930519164303
0,0.000901606417170613
0,0.00038466287288133137
0,0.0017876675063126886
0,0.0008950898536953229
0,0.0013701590336795079
1,0.9148907335241061
0,0.0012084200677993351
1,0.5616925025852634
0,0.00019911756609926153
0,0.00017372891542165474
0,0.00046605050056403263
0,0.0010337294378775185
0,0.0010574717661099528
0,0.8291891994698494
0,0.003110416237116816
0,0.0002900879433495731
0,0.00020918906529888601
0,0.00032301157852364273
0,0.00032428423185823605
0,0.0917088192269238
0,0.00019068706315897706
0,0.0008323741293429873
0,0.04506239719801512
0,0.0015119305154428066
0,0.0001771999691785539
0,0.0008472647355060417
0,0.003912024031174413
0,0.001505338402785131
0,0.0035032303149429758
0,0.0010355196091083134
0,0.010911316521342378
0,0.0009086066998960391
0,0.0015452560550060401
0,0.0009236545436841052
0,0.0015334906447591779
0,0.0007349321187525776
0,0.00017629392657223926
0,0.10234564968639565
0,0.002482949267636713
0,0.0007410705521552376
0,0.0023593948997954234
0,0.00048782021065529456
0,0.005304830699045471
0,0.0018323376295011336
0,0.0002752898404866514
0,0.003141343793238292
0,0.0011255893639720014
0,0.00017399940871914724
0,0.0010504781741765552
1,0.717949558129732
0,0.0005000286324840594
0,0.000890299366501191
0,0.000782041837631246
0,0.0005000286324840594
0,0.003628969215544599
0,0.0013851167454015884
0,0.00045430327752879246
0,0.0007393179823366017
0,0.0009402307547184697
0,0.0016935788303913115
1,0.5314511904394322
0,0.0016895585266823415
0,0.799481653147241
0,0.0016411621883945862
0,0.0012002496291873019
0,0.005292779872464315
0,0.001640141839467805
0,0.0013095902470000153
0,0.0008567968273242992
0,0.001569330473692276
0,0.0010137296405118633
0,0.0002638272845059792
0,0.004220243385511387
0,0.00026630363098705673
0,0.0015198794257988367
0,0.0006767479246701176
0,0.0003572982763480452
1,0.8492315544724774
0,0.001887992469137742
0,0.00046726620115571734
0,0.00020098195800768282
0,0.005187867954180473
0,0.0040534998051458115
0,0.0008458908360529575
0,0.00019322885506048744
0,0.0010165905857955652
0,0.00025289582503144057
0,0.0002564811021805109
0,0.0002702968023460574
0,0.0004012371130615608
0,0.0011393859618561005
0,0.0020705851794336396
0,0.00018818239476676415
0,0.0012288210050813428
0,0.0007658161778210214
0,0.001170684085259053
0,0.0005476510570015994
0,0.0012967804341208874
0,0.0007452091686791946
1,0.9777616088902554
0,0.0011765477634534142
0,0.003680332093119451
0,0.0018640309687204114
0,0.663192210235014
0,0.001672997938557405
0,0.0011222862804113327
0,0.000270826882209975
0,0.0011046068166921353
0,0.0015760942951918103
0,0.07320285164121464
0,0.00045132786959448064
0,0.0004733809345182638
0,0.0007604803760123358
1,0.0008615392330131711
0,0.0016069386169405187
0,0.0008881822721969181
0,0.0002577641884549544
0,0.0006172853954372992
0,0.0010695431992327603
1,0.31771315234803355
0,0.0021510530219895738
0,0.0019273065737837587
0,0.0063271937855589435
0,0.0021756196391292
0,0.3874566741011818
0,0.0014947533754517863
0,0.0009941532018864889
0,0.0006419137142483503
0,0.00027625859562807164
0,0.0008559583237829416
0,0.0013101826642999213
0,0.0011267642525671399
0,0.0007379343058992604
0,0.002296061404946247
0,0.0002192867988056085
0,0.00022500407364816407
0,0.004090262936828627
0,0.046659181526257476
0,0.007990720612210057
0,0.004419027773695992
0,0.0046794755081605915
0,0.002725468839202289
0,0.00018175945446271196
0,0.0047862822336497204
0,0.0002308491275739567
0,0.0014557378933122056
0,0.00022548671205508306
0,0.00029436488608788224
0,0.00018350460373863382
0,0.0010180786015356606
0,0.00040240949626162625
0,0.001184919493893995
0,0.00019697499835859053
0,0.0001808049549036922
0,0.0027218412790232308
0,0.01034580332769746
0,0.0002154593288193132
0,0.0018312367023265998
0,0.0005821124306161192
0,0.0022222453260969223
0,0.00419477850092565
0,0.0011325295757976142
0,0.0011045499055422653
0,0.0008242937980666726
0,0.00018214951004323
0,0.6283611185306051
0,0.0003613163293128919
0,0.0009387703012376932
0,0.0019425160334618048
0,0.0013296622389476465
0,0.0005711058198998564
0,0.0014152950335993494
0,0.0008045829694893691
0,0.0014637228549058154
0,0.00038756923981157136
0,0.03334462470715
0,0.0013497647634932836
0,0.002241810289829922
0,0.00023080479905880841
0,0.00038848986772114597
0,0.0009756720464864756
0,0.0017563479901095155
0,0.00027525754135736437
0,0.001075323574643102
1,0.5466925640335476
0,0.0001834827838561324
0,0.00022568842163274354
0,0.004277078785665545
0,0.026065591534764305
0,0.0011220298110941448
0,0.00023031333541554194
0,0.0021660506172076583
0,0.0004873357129466801
0,0.0010013770630155072
1,0.43351129099590163
0,0.0019100678864837223
0,0.0001899536167898734
0,0.00028302781110889753
0,0.0003106301159534447
0,0.0002542913187776424
0,0.0007099667821520262
0,0.007011366364165617
0,0.00033522841240471885
0,0.00019056410929470369
0,0.0024790801643316982
0,0.0003640874372954087
0,0.0009439809192673693
0,0.007134950206931897
0,0.0012508761533096676
0,0.0022616444704815428
0,0.0022329329339169247
0,0.0002761982322044373
0,0.0006150694883263479
0,0.000715780241059221
0,0.00019612198394300756
0,0.0004512742181698803
0,0.00018848695597254532
0,0.0015902596930319867
0,0.0002257152595018563
0,0.00029559008374535373
0,0.0014474244869691953
0,0.00019070973961526804
0,0.0016651907236160813
0,0.001379892232401157
0,0.00207097392410243
0,0.010518809933077059
0,0.00018350460373863382
1,0.9424770450454282
0,0.0013189769506481127
0,0.0018550282703851024
0,0.0039576975116768056
0,0.0018651501486487937
0,0.0011079540485528468
0,0.7542598159416181
0,0.0002734951482278736
0,0.0002499718884762754
0,0.00040316265930440153
0,0.0015357149463656441
0,0.002877687850611925
0,0.0006783448969602697
0,0.00038241307245990614
0,0.0022287047782182136
0,0.0012350139423719952
0,0.006729944688486326
0,0.0012559004692709107
0,0.06067875541264375
0,0.03815093880199102
0,0.0020767478463816764
0,0.0001750954003672312
0,0.0015201520468812158
0,0.00020513028861721602
0,0.00018461854206213934
0,0.0006553508911844163
0,0.00046904331806300496
0,0.0009215706676538854
0,0.0007119852715650614
0,0.0018047379367871902
0,0.038667350895701814
0,0.0011442525264263941
0,0.004137131448544375
0,0.0004427590649509956
0,0.00024741072629363015
0,0.0009417591638362733
0,0.0006825906815651277
0,0.0028849659657939172
0,0.0026950115599194023
0,0.0013993013934663955
0,0.0004455799767472419
0,0.0064610716742264955
0,0.0006686903473212811
0,0.0016405412462612847
0,0.0015905750749630858
0,0.0011174545589268418
0,0.00036382878026520907
0,0.0010236104541719044
0,0.005173941554280736
0,0.001253145985052151
0,0.0017220450420990317
0,0.0007617851373244659
0,0.011602481303501352
1,0.5498632112882116
1,0.9606789615422952
1,0.9751961974899981
0,0.0005780408944084766
0,0.0024568891470294995
0,0.0010722047810369857
0,0.0002262307330757655
0,0.0014954496870987386
0,0.0031052683216499324
0,0.00023263433092657608
0,0.0004544380936594049
0,0.0003543366018259886
0,0.0004764537472073356
0,0.0016776599326067138
0,0.007825906420661515
0,0.00029864475954905563
0,0.0018034521735890078
0,0.14607625921730483
0,0.000756877199282618
0,0.0013121003482312453
0,0.0008111184775100163
0,0.0015935336314485652
0,0.00018255867947825655
0,0.00026693164936563064
0,0.001227891560690063
0,0.00047932609453763263
0,0.0008458908360529575
0,0.00040485227994074
0,0.00017598149356347624
1,0.7320303581795297
0,0.00018242899948481316
0,0.0008018732335389297
0,0.12259998393781005
1,0.9259205718390997
0,0.0004762548963909124
0,0.0019687929094373154
0,0.0004725122422623114
0,0.0011562684379348663
0,0.0016904360887226115
0,0.001084323947964274
0,0.00018844255622398946
0,0.0002719699974008271
0,0.0002192647087037057
0,0.00021092118546684526
0,0.00034300942901630227
0,0.0008044482374846154
0,0.00022403461471873283
0,0.0001810396332566633
0,0.009452318636083801
0,0.004861731416977306
0,0.0018857778828512924
0,0.00018745296731173799
0,0.00048179071803904457
0,0.0002787027667917343
1,0.6654307129249072
0,0.00019580067763190216
0,0.0007770520665388102
0,0.002058544462893504
0,0.0010225234806874944
0,0.001232168202443363
0,0.0008172472787641434
0,0.00018092444421812304
0,0.0006880272704175191
0,0.002077749101497002
0,0.003916914937644097
0,0.0016270071673321095
0,0.0011503772695990082
0,0.0009520683447046027
0,0.00019046730747299055
0,0.0012709727325426977
0,0.00036389406889040013
0,0.00019046730747299055
0,0.004526189221904512
0,0.0006161693527772187
0,0.0021678422872823994
0,0.0003117699945763661
0,0.001688278100396253
0,0.0017249478992297862
0,0.009836311539737236
0,0.0004851859226175905
0,0.000631370653515645
0,0.0002966513347167489
0,0.0015181044592741894
0,0.5163556442560597
0,0.00040863289460106773
0,0.00037106414055941073
0,0.0008339959783901459
0,0.00023301693528654356
0,0.00018365355644167256
0,0.0007663452823311011
0,0.001308771460604808
0,0.00018345794541674862
0,0.001696305379553604
0,0.00018745435768095225
0,0.0037146236888864047
0,0.001747958998767817
0,0.0019487121077016042
0,0.0001982673857113403
0,0.00018190306662264102
0,0.03201665744346957
0,0.6426252182478032
0,0.00018302145059306114
0,0.00017012098141804642
0,0.11104534010302275
0,0.0011448388227014872
0,0.036078484698548345
0,0.0029127373653936696
0,0.00018365355644167256
0,0.00027496546997735153
0,0.0008261611752538728
0,0.0006263121797615524
0,0.00035686482961782336
0,0.007802173445744151
0,0.004666268231276191
0,0.004062550735988987
0,0.0008172612073643291
0,0.009895431500169773
0,0.00027275683215282395
0,0.0015086790881280988
0,0.009873009831762088
0,0.0010684111473144504
0,0.0008210557595554752
0,0.0007609058449524066
0,0.0001737377673346292
0,0.00026901747079275485
0,0.0011532900941430113
0,0.00045316358785432763
0,0.0009042231385165202
0,0.0018571526071075718
0,0.00018790411152628175
0,0.001125436718464019
0,0.000780318167103158
0,0.0010601846804683928
0,0.0005810915497303099
0,0.0002283347998480976
0,0.0004871913493264459
0,0.005829791490866798
0,0.0008391648448879133
0,0.000590543447019713
0,0.00023503732326245392
0,0.002927258487749978
0,0.004045951204400938
0,0.00018709801626394136
0,0.0002752007714154606
0,0.0017161573239137732
0,0.0002376372498236331
0,0.000576938385830507
0,0.0015964517806371882
0,0.00021008494547296064
0,0.00091157468563052
0,0.00741241298011763
0,0.00127039857422094
0,0.006001100175219565
0,0.00047143335786584145
0,0.00022239476193658452
0,0.00018464049698474355
0,0.0032620265766921393
0,0.0014856536649363763
0,0.00021173312597588733
0,0.001129720732828608
0,0.0004471349770517542
0,0.0013108586754295769
1,0.977728300279571
1,0.8081769223322931
1,0.6552988544757213
1,0.9718540377606936
1,0.9715042818260896
1,0.8390947422919626
0,0.0013186204511605164
0,0.0016169995525567827
0,0.002016721134239213
0,0.0004125682546708216
0,0.0006389580555728305
0,0.0015125904568052129
0,0.0009612638740226645
0,0.0013423799753373676
0,0.002142521591907596
0,0.0021857998894221258
0,0.00276870484100325
0,0.004096321528494343
1,0.5584215064287011
1,0.9760051886321802
0,0.04870232285096121
0,0.00038966362277718757
0,0.0006958047367764554
0,0.0010715024708196146
0,0.00038123564662136795
0,0.0021443998830455
0,0.0019365182673731884
0,0.0013833894583615402
0,0.0012626128713328568
0,0.0012472437813041022
0,0.00865953757874011
0,0.00037751126674661213
0,0.0004487453240680855
0,0.053970697042909486
0,0.0005468187872136273
0,0.0004053238973621948
0,0.00048125417980083446
0,0.0011933194593689426
0,0.001470172137865311
0,0.0009809054470648617
0,0.0018837608160536619
0,0.0022475726813427433
0,0.0031746155071592213
0,0.0004662486291784046
0,0.003967041829541144
0,0.0018011139214453842
0,0.0008738660043121885
0,0.0009715890397565445
0,0.0007051403535957108
0,0.0005568738637824485
0,0.000999483729617173
0,0.0003782810195478814
0,0.0004415220095577337
0,0.00037059320972029447
0,0.0008929890635599173
0,0.00036903733244820895
0,0.0008626075907122692
0,0.0006153499457513374
0,0.0009985075158640343
0,0.00035028670764875806
0,0.0003590893933313086
0,0.0012510278782603673
1,0.7024614865032485
0,0.0017775772091890426
0,0.0008851100354794144
0,0.00038123564662136795
0,0.0005982749896721951
0,0.0012205670301081986
0,0.0009765890208115265
0,0.0007001257633646694
0,0.0003808165776476542
0,0.00106973788507622
0,0.0009421384405001695
0,0.002368236903404073
0,0.0011118412082125155
0,0.009021297607537698
0,0.0019800035789410415
0,0.0007723939919452086
0,0.001219913499659246
0,0.0009740501900569903
0,0.0018047199197059845
1,0.16491585841919998
0,0.000587698159437928
0,0.0010656956258390245
0,0.0007187462845947994
0,0.021362303550243506
0,0.00042065659291888824
1,0.36851686660822774
0,0.00037363243538277583
0,0.0011110083780710937
0,0.000422639325453628
0,0.00044199513945439116
0,0.0004936320362973407
0,0.0003440976796887433
0,0.0003759783588771366
0,0.002100223901571545
0,0.001386136007501394
1,0.5712058377727053
0,0.001018093662556485
1,0.8706637055157566
0,0.003251844424741306
0,0.0010913068629096042
0,0.005296885261758563
0,0.00033034666013171163
0,0.00038003475918897255
0,0.003040427211169487
0,0.0031850401050371527
0,0.0032156770184347113
0,0.006019204453663224
0,0.0003840403465427758
0,0.0005713711361846052
0,0.0020082148768881354
0,0.0003823460146880172
0,0.001169613742418451
0,0.0024810637681083026
0,0.005510354935675247
0,0.001028217170029257
0,0.0019719823452175166
0,0.0008653333448507304
0,0.0017675323835516514
0,0.001983517815842296
0,0.0010288977218406005
0,0.0009186653779634478
0,0.0005490164807353021
0,0.001174906600203842
0,0.0005516834319184995
0,0.0010257914982451973
0,0.0009838088276851468
0,0.001671530910638194
0,0.0012828133024932614
0,0.0030229870619681754
0,0.000492015645302873
0,0.00046092243318105895
0,0.0006029438674732589
0,0.08762584048501952
0,0.0004701921304998836
0,0.004402383900986672
0,0.004492055349384871
0,0.00043377920027962017
0,0.00038123564662136795
0,0.0011980564654514175
0,0.006103720718580474
0,0.00033448171651123264
0,0.0014241477476237855
0,0.0003828747928149019
0,0.0069997480603248684
0,0.0009935141910530584
0,0.000788086776726464
0,0.0013032895013058727
0,0.000417074659836173
0,0.0018149326314660626
0,0.0006590739121055787
0,0.0009834327503448212
0,0.001147040946308522
0,0.0012841854542621062
0,0.0005532973884907765
0,0.0008056573297794361
0,0.00211942256145871
0,0.0008586580912394579
0,0.0006461467313354638
0,0.0003881804455165954
0,0.001339500682442294
0,0.0019495717713522028
0,0.2554617184292825
0,0.0011723934022994605
0,0.0022573859186696297
0,0.0010648240370172255
0,0.0011602053058883618
0,0.0012751940552055017
0,0.0019328655577249725
0,0.005755053087833329
1,0.6806682290459274
1,0.9461692031929778
0,0.00042131280871661074
0,0.002964354404532751
0,0.0004226011176680511
0,0.04938036231117998
0,0.000448242331444714
0,0.00037928925826534015
0,0.0004449702003507266
0,0.00047218635068649924
0,0.0007538648414961146
0,0.00043699907068364127
0,0.0007234300407875002
0,0.0006823632349689954
0,0.33275357580251347
0,0.000840122737977563
0,0.000571424872607473
0,0.0027122515075502828
0,0.0019809905403395597
0,0.0003855849331924172
0,0.0031518358909406632
0,0.0011805670544889314
0,0.0003851052028697787
0,0.000720182426237518
0,0.042627542587808494
1,0.8405017742961037
0,0.0011693067707314257
0,0.008113563935199419
0,0.00040487278626394693
0,0.0009775428850476013
0,0.008891197061256951
0,0.0010071240430306948
0,0.0015425956544074342
0,0.005166997553270044
0,0.0004528912786718664
0,0.0010328712052168193
0,0.0028248789432216985
0,0.0067774828373396035
0,0.06669586712162934
0,0.001751887509445253
0,0.6333764822545589
0,0.0005175285065241284
0,0.0025015871783318705
0,0.0014633265114756058
0,0.006965398937154409
0,0.0011087638885315168
0,0.0008658259960865758
0,0.001158794709842064
0,0.0007080555941323869
0,0.001201624158484284
0,0.0007001257633646694
0,0.0013192773499106749
0,0.0005285025187348823
1,0.8020502518431011
0,0.0010936759882923192
0,0.0003918552699324636
0,0.0008352327983738806
0,0.000374912045697188
0,0.0020627886687111375
0,0.0003761885111691463
0,0.0006770200425615917
0,0.0015564882713258335
0,0.001339800835497632
0,0.0005063658243788783
0,0.013224401471918674
0,0.0012535390662256314
0,0.001979791645974067
0,0.0008205568990073278
0,0.0008618171054676459
0,0.001632386370078142
0,0.0007087414118165428
0,0.001565112500999539
0,0.7981223634015429
0,0.0008036948998154923
0,0.0003828240421573725
0,0.0027648716607553635
0,0.001380098182253704
0,0.0010215110789067482
0,0.00038359145938434054
0,0.0016113330178874866
0,0.0013344366996969528
0,0.06729414638462815
0,0.0006079927647314176
0,0.0007603886594755913
0,0.001449185247804589
0,0.0016469931663621845
0,0.0003393585664288584
0,0.026220478756970037
0,0.08055841859740306
0,0.0011647093910951006
0,0.001041541899328671
1,0.5450570816668004
0,0.0023725577644186533
0,0.0003725033530525932
0,0.001913522636503856
0,0.0011512983498367109
0,0.5990497651551977
0,0.0408569135079664
0,0.0009882251258955617
0,0.0003770796109020985
0,0.0007873057338034167
0,0.0011244093280818367
0,0.0009740735570141908
0,0.002070708542999599
0,0.0025051521106645752
0,0.0006833795343137368
0,0.0014827752284495726
0,0.002765899532180621
0,0.008732290628709562
0,0.0018104252020942886
0,0.0019839096913338242
0,0.013491632443072183
0,0.002942355223976911
0,0.0012695415268158654
0,0.000799396343149209
0,0.0019256089934737452
0,0.00037063694600693645
0,0.0009175870987864552
0,0.0016495646922474682
0,0.28650334255646104
0,0.0011855256722363024
0,0.0029909071756455434
0,0.0008804607410225178
0,0.00041134030843009467
0,0.0011190543472435358
0,0.000875202523983207
0,0.00034217546139381384
0,0.000781222349588395
0,0.003617157196101955
0,0.0017723593866477382
0,0.00037060967563240656
0,0.0005990026089534503
0,0.0007741923710777238
0,0.0020519900707872303
0,0.0008257118879422047
0,0.0006592872506875937
0,0.0029632655990429963
0,0.03503650589027714
0,0.00038123564662136795
0,0.0007982654654667626
0,0.005067970762914029
0,0.0004595245767636398
0,0.001635890189044889
1,0.8639841418084941
0,0.00044687317034643485
0,0.00045736319955576814
0,0.0013959064944289606
0,0.001876683003210295
0,0.002937904629460135
0,0.0004989664198039789
0,0.0013958851639128379
0,0.0017405781575175728
0,0.10693627541861495
0,0.0006683839624477366
0,0.00035928041684290575
0,0.0010799289585272914
0,0.6792317590646906
0,0.0005287055188023084
0,0.00041251223207819084
0,0.0004702660296920242
0,0.0004095515651186321
0,0.0017387923781922937
0,0.0004540247382866732
0,0.0006246653512126357
0,0.000993150330718608
0,0.0012721934284871041
0,0.0004009440450595147
0,0.001778156708528849
0,0.0008738929823313943
0,0.0007437500865770711
0,0.0008353740335636106
1,0.5490471556226624
0,0.0010083251079157525
0,0.00043219790825727445
0,0.0022874076716096533
0,0.0010790976954193413
0,0.00036207419142676484
0,0.00036358347420100974
0,0.004169449732864375
0,0.0011604183614906116
0,0.00033930077497703925
0,0.0146028960818211
0,0.0003615931034378822
0,0.0013710264235172688
0,0.0006100678429853871
0,0.0004716921823250198
0,0.0007993853597507079
0,0.0009392709713020664
0,0.00037060967563240656
0,0.002019316519393431
0,0.0003469313785511729
0,0.0009811620307338008
0,0.0013763834055314393
0,0.0003881804455165954
0,0.000970681744465095
0,0.0004446770617687891
0,0.0012272251243929545
0,0.0012375123735945028
0,0.0016513853877468672
0,0.0018387956098681398
0,0.0004553211306545093
0,0.008185768376179462
0,0.002285606535396534
0,0.0020710033434682127
1,0.13801172774861192
0,0.00038872978636283806
0,0.06312959741595499
0,0.0010111375251878588
0,0.00045944941883413313
0,0.0015674241916256652
0,0.0014422277982982516
0,0.007490519694187756
0,0.0010339945098992024
0,0.0007682207850310213
0,0.0009777248185005036
0,0.0004439766464507897
0,0.0004820338569718119
0,0.0004574568550956458
0,0.013050437783747348
0,0.003242082562693706
0,0.0036264246715395814
0,0.00033288640964716684
0,0.0004866892003882128
0,0.0019301232743125143
0,0.04388559162587245
0,0.002892827979971631
0,0.0005899190355210803
0,0.003508091115404859
0,0.0003881804455165954
0,0.0010959439034421135
0,0.0018628996028289616
0,0.000892001428988076
0,0.0006822168544190773
0,0.001884258812640484
0,0.00044199513945439116
0,0.0011980564654514175
0,0.00037363243538277583
0,0.001031373698026614
0,0.0032660131439393807
0,0.0010087445117406152
0,0.00041598498848296464
0,0.013622615489961671
0,0.0009171035865134865
0,0.0004319716451431831
0,0.0016751139422466657
0,0.0010253911815604898
0,0.0016974418746914183
0,0.008132990323319525
0,0.00036994445577501574
0,0.0012724778399450499
0,0.00112386938601285
0,0.0010169092309851584
0,0.0011622880767399304
0,0.00036489263687305675
0,0.001802052209380966
0,0.0020525370482264577
0,0.0007426994148421011
0,0.0018842628423060964
0,0.0014470876561566222
0,0.0007447337258388852
0,0.0010001837490529175
0,0.0004906364873450654
0,0.0035339722362917173
0,0.0016480501198471295
0,0.0020402184886698306
0,0.0009036207482086934
0,0.04226127836040347
0,0.000938807422919139
0,0.0005844979642345899
0,0.000995916140322681
0,0.001436545733831021
0,0.0010941548841276847
0,0.0011811333518234016
0,0.001998325777032103
0,0.001814641832074647
0,0.00230315315347619
0,0.003465025009993102
0,0.0003655617637891868
0,0.00543152092451093
0,0.0009210147569416916
0,0.0025423678307933606
0,0.008578177059150455
0,0.676186762175606
0,0.0026393958003786905
0,0.0004163748813985273
0,0.0017483669317723506
0,0.0010302643101311327
0,0.0008308328293109162
0,0.0003891483304901955
0,0.001669847631356677
0,0.0023518222666572912
0,0.0012015981054211498
0,0.0009207078896638222
1,0.034417655347639374
0,0.0003449614733229591
0,0.0007006246357346576
0,0.0004546669147129422
0,0.0005375598872783446
0,0.0035786570467167974
0,0.0004345464923973038
0,0.00038496056127232457
0,0.002821316723977283
0,0.0014548899408641073
0,0.000796754197751471
1,0.44296904940363424
1,0.6966027486965908
0,0.005372797037785027
0,0.00085352151890464
0,0.0011134249119816593
0,0.0010250532406498977
0,0.0003679796426167353
0,0.0018790073016094386
0,0.001980411495160892
0,0.0011121371769935622
0,0.00046666948960520947
0,0.007408257873824135
0,0.0009783048351317694
0,0.0003816612209687791
0,0.0014656457604165852
0,0.003563040541183021
0,0.02147964145115479
0,0.001774713244489791
0,0.05822215878160127
0,0.4409000497245891
0,0.0012020985431755724
0,0.0008263066737924372
0,0.0018470768111711537
0,0.003179795167986586
1,0.12737417935904083
0,0.0005515468141745183
0,0.0010413736722985245
0,0.0013603101938094166
0,0.001228194664540374
0,0.0006262991063619986
0,0.00038123564662136795
0,0.0009783048351317694
0,0.0030647961195018596
0,0.00041377165703572493
0,0.0010159384023852292
0,0.0004312586315757708
0,0.00039322208734782606
0,0.0019590296233092845
0,0.001284790626354645
0,0.004680271794298595
0,0.00035491663665084954
0,0.00038983931316139174
0,0.0019421247384294991
0,0.0007198119621604156
0,0.0009535738693681121
0,0.0018518386024487668
0,0.00194626663902093
0,0.0013772505427664527
0,0.0019879455120461755
0,0.000781222349588395
0,0.0020917099546085855
0,0.000596623845191307
0,0.008564644187063788
0,0.0004688766677779651
0,0.0004101143646649806
0,0.0010730305006401023
0,0.010598118822355037
0,0.001238012912389737
0,0.0011411571399038273
0,0.0008674898251081105
0,0.0011214771275825182
0,0.0019782529636355687
0,0.0017588590934257747
0,0.0011040914960715532
0,0.001761929966647547
0,0.005852271549794974
0,0.0009517924391919637
0,0.0011822054150697817
0,0.0015259129680934565
0,0.0011992406713771109
0,0.0009897983290313068
1,0.8616324833989276
0,0.006090904822570069
0,0.0009526396007347485
0,0.0022888461936693017
0,0.0012704067470868613
0,0.0007340183220510887
0,0.002417540032354272
0,0.0030312399091397676
0,0.0004636808847865002
0,0.001976066798424294
0,0.0011669713185931978
0,0.000814155440822348
0,0.003286834391949911
0,0.0005320687856984958
0,0.0011474660661198654
0,0.0009544357074268141
0,0.0009190665897296315
0,0.00524865489292064
0,0.0006777626921030135
0,0.0008837522513087727
0,0.0010806530142775039
0,0.16982409500073933
0,0.0007229816916682164
0,0.006106066401743955
0,0.00211836095424699
0,0.0003809334168352971
0,0.0015159451322254462
0,0.008337585697710929
0,0.0027970923047735893
0,0.004253159942648832
0,0.002328216522683663
0,0.0012685991432935058
0,0.0004567169124186859
0,0.08206049172984564
0,0.0003881804455165954
0,0.001717314622549498
0,0.0020860269736950768
0,0.00048173518561593555
0,0.00033267175162681524
0,0.0022215194117420653
0,0.0012375605532627906
0,0.002205126548491428
0,0.0015326861764265577
0,0.0004384835541102388
0,0.0003628054699957847
0,0.0017093609747746146
0,0.0004721836119637265
0,0.0012539009154842698
0,0.0009769637591808286
0,0.0017853837284951225
0,0.0004567169124186859
0,0.005613733899112573
0,0.00036926067843651904
0,0.0003683915777197006
0,0.0010859454491365934
0,0.001386763737263448
0,0.001147040946308522
0,0.0606751424228166
0,0.0017569983341827037
0,0.0008136244676085689
0,0.000723876919033294
0,0.001236053917985146
0,0.0003770796109020985
0,0.00037363243538277583
0,0.001715204669594524
0,0.00045643132090650925
0,0.0004043006418590341
0,0.00041311145845998343
0,0.0003812011540623835
0,0.00044803897595018194
0,0.000691471027334883
0,0.14977102859643093
0,0.000425278705171126
1,0.9620298262353064
0,0.0009027514064510961
0,0.0013791216557193938
0,0.0003701982592544453
0,0.0009595920259772568
0,0.00045366334891163145
0,0.0007968470011479736
0,0.00042200393111712167
0,0.0004188477375965938
0,0.0017007084350498267
0,0.004261741852400071
0,0.001741842202725454
0,0.00038730706016847685
0,0.0022788285771505727
0,0.0003346654738527333
0,0.004136676382310284
0,0.004730961520798962
0,0.005681127730600239
0,0.0017706412501983179
0,0.0004910062156112788
0,0.00104044567936601
0,0.001964095382147409
0,0.00037060967563240656
0,0.0023943367846816247
0,0.00040487278626394693
0,0.0007909523064003687
0,0.016865511066136787
0,0.00044292029038033563
0,0.0011530604849215662
0,0.000815616757842414
0,0.00035075466443725776
0,0.0059606226762316025
0,0.0028490878934199345
0,0.0003397809663525059
0,0.0005330085581786619
0,0.0003941810415235148
0,0.0007934101908175875
0,0.0003511994072013922
0,0.00045366334891163145
0,0.0018890009959523179
0,0.000940191143953306
0,0.002448208305056117
0,0.0004525924598445777
0,0.0004190060403311233
0,0.0006774396528403464
0,0.002047215940390987
0,0.003783112197800523
0,0.0008696133050761114
0,0.006067143422270116
0,0.001668324162328502
0,0.0003834976301246501
0,0.000422720732394185
0,0.13708816951439176
0,0.0008591948239197074
0,0.00039664009835366324
0,0.0011302763232226279
0,0.00038123564662136795
0,0.0009361782255937631
0,0.0007693626676229766
0,0.7392200834752923
0,0.0016726656401441957
0,0.0017242946319094008
0,0.17110831954228606
0,0.0004753323306257256
0,0.0007590041256459766
0,0.0022823560678994284
0,0.0003630498200171624
0,0.001321245545259123
0,0.0015234883566881575
0,0.0004043006418590341
0,0.0011401875371187722
0,0.002169191091418008
0,0.0019495604765447853
0,0.0005525940068293365
0,0.0009444850842574039
0,0.0009636768081835171
0,0.0006880407070314751
0,0.0023481481212387512
0,0.0004741177996878844
0,0.0009193678652878963
0,0.000427484680524048
0,0.0029188641036165105
0,0.004646890691727289
0,0.0008294077754231972
0,0.0011751668550165103
0,0.0012141789018486424
0,0.002060274998488097
0,0.0013174523272514243
0,0.002357240490586535
0,0.001295155463727575
0,0.00037637013699719674
0,0.0007140007079972355
0,0.005210597005197991
0,0.010244967464316615
0,0.01273872468642485
0,0.0022896088495501996
0,0.0010300486834028063
0,0.0022332502501074456
1,0.3403262630130332
1,0.9246321529644249
1,0.560335288401722
1,0.12316490045113358
1,0.5928831523145713
0,0.0006213106621724773
0,0.0012992369586741447
0,0.0008597838543199307
0,0.003289924878226779
0,0.0029581390148656953
0,0.007208173208324138
0,0.0012613789654731338
0,0.0016814393628210437
0,0.0006988245454554003
0,0.00040314343158311686
0,0.0003923598754273484
0,0.0006257239433496855
0,0.00040644521928848604
0,0.00102599854079053
0,0.0021134900444222116
0,0.0006543291621371307
0,0.001461916041714635
0,0.0024361049540205693
0,0.0004642094365455789
0,0.0024465585769990242
0,0.000548186486557207
0,0.0006684328542791676
0,0.1279114354170921
0,0.0004091861424894051
0,0.00046881973184255844
0,0.0009873911460782727
0,0.00040363283028354067
0,0.0008687285049638905
0,0.0006197286728230272
0,0.0030504908649314154
0,0.0005039814772873903
0,0.0008598375010427183
0,0.0004226004355894498
0,0.0015304055556889724
0,0.057931691148840635
0,0.0014295292014038948
0,0.001852449393963284
0,0.0016629439775585136
0,0.33662668213883523
0,0.001698799893524676
0,0.0004796278528070327
0,0.0018866772771802633
0,0.0011950415283385502
0,0.001031344743694022
0,0.001723795677194266
0,0.0010800864063493353
0,0.0004351747152204365
0,0.001342784394422747
0,0.0014293731028244602
0,0.0005363875844855699
0,0.0004111776687440866
0,0.00044857641666713597
0,0.00048353342753191565
0,0.0018294522411718733
0,0.003716062061103605
0,0.0013710206729103528
0,0.0006659958333801102
0,0.0016228830406434087
0,0.002989662858465528
0,0.0037037794320244574
0,0.0006150995315620556
0,0.004884051778543911
1,0.834478064250225
0,0.8747604676565319
0,0.00039829381476970627
0,0.0014286343284715052
0,0.0007338934391711245
0,0.0011198956638635595
1,0.9319068540984083
1,0.7485745879470995
0,0.00040736942994938825
0,0.001889989766605005
0,0.0003846679434296783
0,0.0004922597062056325
0,0.0016264439962916945
0,0.00041524621525284065
0,0.000671172270225474
0,0.0007546116605159607
0,0.000960611065378968
0,0.00042355569667415
0,0.0015356882714633196
0,0.002756059501418706
0,0.0034971662223936507
0,0.0010637388035144547
0,0.0004666636828081258
0,0.0010396619406916714
0,0.0010506671329049073
0,0.00045750429655501206
0,0.00047512103321721696
0,0.0008791736009263405
0,0.021408764701660275
0,0.0004514921891988234
0,0.001530163182668489
0,0.0014072939922212143
0,0.0012247459514678242
0,0.0007610479505248926
0,0.0020169422789093274
0,0.0010665429108214853
0,0.000687085619550357
0,0.0052315343992863726
0,0.0009352377496628261
0,0.00047830325004664893
0,0.000612398639527993
0,0.0008966761658606143
0,0.00207131984087814
0,0.001988464615793936
0,0.001663758059351008
0,0.001400766478572932
0,0.0007776302385131301
0,0.00038997749171159176
0,0.0018424674583560133
0,0.0009056472267975179
0,0.0005619586489247024
0,0.0008225549945296995
0,0.0012315194580201762
0,0.0007160319461648916
0,0.6625382707009078
0,0.0009969579111592756
0,0.19532414510620233
0,0.0006239886160959795
0,0.0012088576738429333
0,0.0008028783033182541
0,0.000828804547381734
0,0.00043489463686135685
0,0.0005197619718966554
1,0.16411485001267864
0,0.002283949160925197
0,0.00040328154019995716
0,0.0011063401069226935
0,0.0004615569549810196
0,0.0014439460376814487
0,0.004534271677748183
0,0.0013327346704461393
0,0.00046035296735815357
0,0.0004935372494891883
0,0.0011462341548199586
0,0.00048591187746024753
1,0.876414711250426
0,0.0009879142690733206
0,0.0022120865015106198
0,0.001608376514198369
0,0.00041372854522780977
0,0.0005877252891489465
0,0.0016041400022019324
0,0.0037031101993664235
0,0.0007847223666107197
0,0.001269988647047502
0,0.000563312267233588
0,0.030577741023430176
0,0.0004033001021232243
0,0.00047551188789498694
0,0.0010701449270669378
0,0.0007430276901332462
0,0.0017842595403325283
0,0.0013383967092299848
0,0.0004564097991313546
0,0.757820467807093
0,0.0007346131718598711
0,0.0004294380469055127
0,0.001037358495181834
0,0.0011458983447929902
0,0.000608692331055986
0,0.0008241645156730723
0,0.10485685613428723
0,0.001413089535943701
0,0.0009269535703193833
0,0.0011596770085500446
0,0.0010316360870479269
0,0.0010367370349800408
0,0.08145079685433
0,0.0024315302085383926
0,0.0009023326703673137
0,0.0012203525518948558
0,0.0017277583338951063
0,0.0006872255183450997
0,0.003060369373677908
0,0.0019916595367931974
0,0.0017410394749076323
0,0.0010766652329201516
0,0.8936753077507424
0,0.00044828385850902966
0,0.0011266378286649353
0,0.00045374974154513523
0,0.0011277300612968712
0,0.00043867068147283574
0,0.0015574814924189375
0,0.00045220596967133326
0,0.0004405319745076687
0,0.0011268179731519818
0,0.0047909426299655436
0,0.001617389374933452
0,0.0010699232423377275
0,0.00447539772316244
0,0.003502018169082973
0,0.0018892208042835743
0,0.001034252240735156
0,0.001597049540952047
0,0.0031173605628168457
0,0.0006104882680382957
0,0.01742425701013785
0,0.001292109302959214
0,0.0007350824327058043
0,0.0010953250971546995
0,0.004456658754635836
0,0.000390767514018862
0,0.0010250679718768988
0,0.19660068136788722
0,0.001414912447888034
0,0.0018892208042835743
0,0.00047188597623089637
0,0.000379591447708088
0,0.0004298021520936181
0,0.047842721936347136
0,0.0005249970047308378
0,0.0010958433907356264
0,0.0005207014110911086
0,0.0007211298496788305
0,0.002008351219019122
0,0.004055129385909632
0,0.0005141181154060189
0,0.002296465958966101
0,0.0007056123347563817
0,0.001764807653131072
0,0.001195826659705726
0,0.0010230791967950597
0,0.00043765214178270213
0,0.000602865886019281
0,0.0004015073235465289
0,0.020132997762365493
0,0.0011232124695950937
0,0.0017114673086855742
0,0.00042258038075414423
1,0.8256235541336648
1,0.7364263892145203
0,0.0015594040930033428
0,0.001739259334571339
0,0.14662509555352274
0,0.0004277747589126725
0,0.0008212357060129576
0,0.0006984412640358745
0,0.0009309497320105725
0,0.004522968838912014
0,0.0005567375524979719
0,0.055627688366621596
0,0.0003832831010200176
0,0.00040314343158311686
0,0.0010170838911480176
0,0.0013401949006762663
0,0.0010977664692230428
0,0.0012524161310023933
0,0.0006257239433496855
0,0.0005259004524427493
0,0.002156729934410524
0,0.0028413473445611554
0,0.0008529043617399406
1,0.9352408599113443
0,0.0027467401785625555
0,0.0011924124330728158
0,0.001144344284548045
0,0.00040314343158311686
0,0.0018373117594921416
0,0.07283578867172032
0,0.00038207568209712114
0,0.008201249353488625
0,0.00590807908317767
0,0.0007229789005311319
0,0.0017408277134185626
0,0.000759242935864543
0,0.00039574621134413933
0,0.0007735867794748582
0,0.0005778452519663301
0,0.0018612953932068304
0,0.0015981009826769386
0,0.001072421295553792
0,0.0004960052525961627
0,0.0024623874894288142
0,0.001030683867260424
0,0.001331185500221478
0,0.0005516142451109863
0,0.0020773022133586698
0,0.0011316341622866321
0,0.0006403883019201838
0,0.0005288809652759168
0,0.07665016923330159
0,0.0017348009489983908
0,0.00477428258974156
0,0.0010988215773017097
0,0.0006597075722934475
0,0.0006981673348998185
0,0.045559088958054
0,0.0004545827002097678
0,0.00044326268567278254
0,0.0006911678527508849
0,0.001996623060570403
0,0.00040190485331853364
0,0.001235306198935427
0,0.001019001554422901
0,0.0004852450859875108
0,0.001290918001373122
0,0.00043867068147283574
0,0.0010620912810102297
0,0.0004234615639608805
0,0.0024013135186765917
0,0.043913676316266775
0,0.002817254804436595
0,0.0005741944273331062
0,0.004175735795665792
0,0.00045466264080394673
0,0.12810548214568623
0,0.0004366366258119024
0,0.0005047746063182056
0,0.002184850424328277
0,0.002222519050787237
0,0.0021533776972657557
1,0.7986451310789309
0,0.0004250002277590823
0,0.0004521846426423193
0,0.0004713682073908506
0,0.0007099107349620761
0,0.0012384236739020702
0,0.0012251366754437146
0,0.000390767514018862
0,0.000507373622293224
0,0.0008648417743635491
0,0.0007248481751924031
0,0.000549322895074267
0,0.0020456921851510455
0,0.0004541321708888292
0,0.000725583383156988
0,0.0006986291058341372
0,0.0014339486578435325
0,0.0005415516268376539
0,0.001967804985180122
0,0.009537102938911012
0,0.7171787107710047
0,0.0016023427893906818
0,0.0055886988143312045
0,0.0004929781925746773
0,0.0003835968913719108
0,0.0007438884077843793
0,0.0017145511399086187
0,0.005579214321458259
0,0.0008043495739589236
0,0.00040314343158311686
0,0.0008501999261453306
0,0.0057470888981003745
0,0.0015561900527874763
0,0.00104363687489124
0,0.0012321630452246336
0,0.0012808414732382476
0,0.0009626950116396834
0,0.0009280286728894085
0,0.0019021129408262635
0,0.0010747363097938555
0,0.000996561341958657
0,0.45598246636358764
0,0.00041376321016259175
0,0.0013602639489051366
0,0.0036511696115601486
0,0.0007075200454798741
0,0.0012518053471149058
0,0.0011546063771531172
0,0.0016787682918039425
0,0.0019660430994638853
0,0.007100506197332683
0,0.002124173769916884
0,0.0009480193985551971
0,0.0011894924032651456
0,0.0004680209932326954
0,0.0006414490069469341
0,0.0010956657884837078
0,0.0011015072426212656
0,0.0013297146990554998
0,0.0018520733369499452
0,0.0031150762689587407
0,0.00040314343158311686
0,0.0010866495725151508
0,0.07041518705967564
0,0.0004279803341245432
0,0.0003868512882062964
0,0.0022014845661148027
0,0.0004135740599453708
0,0.0025000760541739435
0,0.0015197245149648634
0,0.0010941273127556817
0,0.0012390950408914226
0,0.0008952106457435107
0,0.0010289268169396213
0,0.0007451524738187062
0,0.0010912662160833344
0,0.0004203578795644671
0,0.001407914591825442
0,0.0004521846426423193
0,0.0042455903100707066
0,0.00039489084079153477
0,0.0005769873977271999
0,0.0030035457282977366
0,0.0016611013997932529
0,0.0024498675534513443
0,0.000765140826983618
0,0.002020223587352914
0,0.000381629304221603
0,0.00048262162063437394
0,0.002295239914880385
0,0.000424553037022929
0,0.0024992393251706702
0,0.0017410394749076323
0,0.0009317031826044224
0,0.0007073052657026116
0,0.0014360912662008648
0,0.0004224362705910543
0,0.000640113571840785
1,0.8666309537775164
0,0.007142789122604945
0,0.0015224928130018816
0,0.0010686612905464387
0,0.0005845420237860087
0,0.10009474279502516
0,0.07336683128976551
0,0.0011447473515081297
1,0.2627184725942448
0,0.001324515301661159
0,0.0010179862748413235
0,0.0014480656519267668
0,0.005673680947767841
0,0.0015054070514911133
0,0.0006786293230084065
0,0.0006858069185079253
0,0.0019200116350580776
0,0.0012010722898887893
0,0.003875221774563002
0,0.002099403373532945
0,0.0011830705875939347
0,0.0010765432858476304
0,0.03066016659346798
0,0.06632998215049239
0,0.0006986317553590117
0,0.00044675355123018843
0,0.0008307392570568121
1,0.676353862790691
0,0.0017741333281468283
0,0.025141689905962508
0,0.0026281462044258925
0,0.0007621847865990459
0,0.00043267595594185507
0,0.0014187429024230998
0,0.00044688709081798744
0,0.007341764488632785
1,0.9091352981691488
0,0.0009908815663412817
0,0.0011645985584497055
0,0.001392867088969769
0,0.0010444282941653486
0,0.0024561013948840816
0,0.0008413768478452125
0,0.03280540576382524
0,0.001881350373673614
0,0.001043646645913918
0,0.00045586698308478044
0,0.0007344616441023205
0,0.0004515877375384759
0,0.0005334973000119967
0,0.0015519275131372808
0,0.0006765048934972182
0,0.0004708342507458718
0,0.001497343326317025
0,0.0007463920202918802
0,0.0004120790841867347
0,0.000983738281750315
0,0.002564261532996644
0,0.0009101639783666463
0,0.0014752158349297642
0,0.0013140931956187065
0,0.0013477294333561513
0,0.0003868512882062964
0,0.0003918932051934492
0,0.0017695604585862253
0,0.006109627471262302
0,0.004168033107969144
0,0.0004207787877723556
0,0.0011407577379863908
0,0.0016064501554968426
1,0.9666810276127092
0,0.001691157134453604
0,0.00039577046549670215
0,0.0010500727728165302
1,0.4931096573490595
0,0.0004130827636949724
0,0.0005413189582221814
0,0.0022797816171690305
0,0.0004804881833660309
0,0.0014406687803220298
0,0.05450145284463353
0,0.0004044812881989597
0,0.0004256462472946002
0,0.0047225005456407974
0,0.003753857868266356
0,0.0013667221003637897
0,0.001071862481220916
0,0.0006231572078324836
0,0.000612398639527993
0,0.001013106829192624
0,0.0007450130960703669
0,0.0029486425816045926
0,0.0004057439293602846
0,0.0011996441787557937
0,0.023181076950586164
0,0.0019901983819965376
0,0.006888085917605461
0,0.0003933434821737753
0,0.0009056959374717142
0,0.0009337867736650511
0,0.744394340448835
0,0.00094955781781653
1,0.08685239808195207
0,0.0010568632622824999
0,0.8556797601733849
0,0.0004232234875770543
0,0.0008324372409678003
0,0.0006054110306154636
0,0.0004591735761619422
0,0.0014168349029397358
0,0.0021291780242673596
0,0.0010599797701400183
0,0.14965547562710077
0,0.0010545054568587905
0,0.0006721718811071112
0,0.0007679432463908789
0,0.0007494877854491754
0,0.0010553930149129862
0,0.0011242362522622268
0,0.0003902976242464055
0,0.0017211937906021456
0,0.00152756311182416
0,0.0010808952803670246
0,0.0020040151140432454
0,0.006847329043634939
0,0.0011578207871082368
0,0.0013616326120836338
0,0.0005199952834591737
0,0.0015599179990180769
0,0.00683591381247231
0,0.0008873107014412875
0,0.001786342115390756
0,0.0018538522503040312
0,0.0011056606782826424
0,0.003718737961490139
0,0.0015432653287767864
0,0.001186845782302438
0,0.0012881621342985638
0,0.00039929622793287314
1,0.532954366440872
0,0.00038808934706573546
0,0.0015748655786565866
0,0.0014762863829483337
0,0.0017216023102902868
0,0.0014990960072555283
1,0.021981880493626395
0,0.000770464557549098
0,0.0004055985088998856
0,0.00046675112719008204
1,0.9463598902565924
0,0.021156294294216803
0,0.0013942440410975971
0,0.0006733847361178051
0,0.005451235452679373
0,0.0015978373529233272
0,0.009835237314411832
0,0.020693894121462917
0,0.002459770466555726
1,0.9587215022172889
0,0.001051080036835787
0,0.0010731997944404116
0,0.0064368064915439685
0,0.0008266334703890882
0,0.0011417821709903
0,0.00041283137052309084
0,0.0006976835060381708
0,0.0010271969755965172
0,0.0007650397573170047
0,0.0014347274650824
0,0.0010140660922684848
0,0.0013280102178998762
0,0.005723524342260526
0,0.0005156408716071158
0,0.03041696280090387
0,0.0032464324361793197
0,0.002688809512898341
1,0.11775758100521651
0,0.002154081299705276
0,0.0017363373599364094
0,0.0035486655201105786
0,0.06894605218094194
0,0.00039574621134413933
0,0.0007150621584658272
0,0.002778106305445334
0,0.0004804881833660309
0,0.0008023611110975861
0,0.001410414064188281
0,0.0010044964473952037
0,0.006766764421077494
0,0.001752889218420218
0,0.003764073748289813
0,0.0007794884171247443
0,0.0004515877375384759
0,0.00136663406078409
0,0.0028423781410707506
0,0.00040175357190275484
0,0.0004935372494891883
0,0.005229991199416038
0,0.0007523509481602126
0,0.0011196202127918178
0,0.003501549423242671
0,0.0013834275224738426
0,0.001090061582971938
0,0.0020860619880395666
0,0.0004552198143218413
0,0.0007659553610482689
0,0.0018072168588240155
0,0.0018840819430427438
1,0.8960197092719314
0,0.002677692905514909
0,0.02542007843461158
0,0.001836603379062321
0,0.0007848365920145119
0,0.0016083473319279703
0,0.000999469152397827
0,0.002101207790567419
0,0.0025315048096123133
0,0.0010110504076917195
0,0.0015917824952819445
0,0.0007695588664148404
0,0.0004010166887473749
0,0.0009318498687801621
0,0.0005259004524427493
0,0.0013602639489051366
0,0.0008534456147794543
0,0.00045518315170328737
0,0.0006659580478964993
0,0.0035445108417151874
0,0.0009125109697786905
0,0.0009577934554453934
0,0.0007653185145957346
0,0.0008148069210332156
0,0.0011040590189143457
0,0.0004091861424894051
0,0.0012281296411425179
0,0.0010208688609783783
0,0.0007856836900666452
0,0.00042092868102745393
0,0.0011171681761191236
0,0.0014597991851478876
0,0.0010733778783893137
0,0.0021187598513347492
0,0.045546420345152716
0,0.0004533298674688381
0,0.0022888938144985495
0,0.0003866511909991579
0,0.0010268300595189265
0,0.0003875424853454375
0,0.000874242083610834
0,0.0004666636828081258
0,0.0003902976242464055
0,0.0005068781262238635
0,0.0015504566658643966
0,0.0008150135211880727
0,0.0039033958792550607
0,0.0013331551157103297
0,0.0016848853032293686
0,0.0015244218055097852
0,0.0018745446006320692
0,0.0015220645350549698
0,0.0008718596728008655
0,0.0007656525395840761
0,0.00040589514961507535
0,0.0004193605615749143
0,0.0010530990915632265
0,0.0013379870928686877
0,0.0006264880109184006
0,0.0010016938842019546
0,0.0010456994485219576
0,0.000398241016166108
0,0.0019299601428977113
0,0.0018058693424305616
0,0.001706062460484088
0,0.00042015903082627445
0,0.025707422398626317
0,0.0032926863698985844
0,0.0017402849144323212
0,0.002402312174264666
0,0.003042961023945687
0,0.015687796619826368
0,0.018410530211561214
0,0.0003826591885272074
0,0.011980829912828037
0,0.02884379049240047
0,0.0003923484180496612
0,0.0026885665568475684
0,0.0014649008396152778
0,0.0009579722347733745
0,0.0013712239358583914
0,0.001450394802648315
0,0.0013483724064115522
0,0.0012422378277537915
0,0.0016408818132542682
0,0.0006319714861991572
0,0.0012728919833733458
0,0.0008082598496367201
0,0.0019749029713483465
0,0.0010595070306021314
0,0.0004362158628290522
0,0.0035118122832563533
1,0.9541489479310561
1,0.007194048095406993
1,0.8621904766307521
1,0.7036067265034484
1,0.9024003887916979
1,0.9054386194599684
0,0.007785374346775176
0,0.0008325061511068019
0,0.0006900861487742342
1,0.3567308446325428
0,0.0014212374075556553
0,0.03549442424465918
0,0.24050891344937786
0,0.0007383828287901999
0,0.0006297307108488061
1,0.8331849416723917
1,0.888804398297209
0,0.0036101651013207945
1,0.5680826194092091
0,0.001364250116351218
0,0.0020634978576080892
0,0.0010189571283924135
0,0.0008511867336512499
0,0.002894710394599469
0,0.0008664382648368024
0,0.0005718924925587401
0,0.0031851469173043503
0,0.0006138008426402308
0,0.001538124276215424
0,0.0016190512992382098
0,0.0005893635521626497
1,0.8641977029620036
0,0.0008657265431933472
0,0.0016655886281362446
0,0.001902092932741554
0,0.0007878910197210076
0,0.002455697573454937
0,0.0006200729798682289
0,0.0019075924257437036
0,0.27536913982425293
0,0.0018061965139023264
0,0.0010985806027961264
0,0.844376553868754
0,0.001176578605756418
0,0.0007403109278829336
0,0.0010481751807768463
0,0.8812104816496068
0,0.0005472318787087314
0,0.0014724996444280111
0,0.0009241167338932236
0,0.0029421319913900804
0,0.0005472318787087314
0,0.0012937511150065033
0,0.0013736421949100686
0,0.0006197300577801229
0,0.0033512940298931373
0,0.0036892702636028385
0,0.0006344457044895025
0,0.0012061286121591466
0,0.0011653660483490035
0,0.0014677719535583817
0,0.000992427432763874
0,0.0007559187510326786
0,0.0022113251874064117
0,0.0024083257570527484
0,0.0013276396744196083
0,0.0006023150318884221
0,0.0008943280824074463
0,0.002786229732188291
0,0.0013283718951485068
0,0.002253394086063282
0,0.0010630100476575937
0,0.001022178331138373
0,0.0008221991432902614
0,0.0011710300905574918
0,0.0015503143649256857
0,0.002237399509594161
0,0.0009644126329652759
0,0.0007143842251644683
0,0.000617472310434985
0,0.0005749149826582168
0,0.0012664642629139215
0,0.07962962257042726
0,0.12495571475021691
0,0.0014712661720857642
0,0.0013138181159075156
0,0.003658415874402186
0,0.0014193807412436297
0,0.0008357052680892106
0,0.0034463396293359775
0,0.0008666247347105688
0,0.0005624700572763248
0,0.0010265470386295642
0,0.01333265637263231
0,0.001048619152285265
0,0.0008278004158200226
0,0.0016809870119759882
0,0.0012637445152216225
0,0.000778914937851856
0,0.001674003941970151
0,0.0008741180764969998
0,0.020738781009836435
0,0.031140381002839192
0,0.0013429666484356042
0,0.0009721887293024337
0,0.003392775776578726
0,0.000542996813494042
0,0.0019598611791131868
0,0.0005469528848921364
0,0.0013702944161540728
0,0.0007379864853313631
0,0.14188785557057168
0,0.043461149805705555
0,0.0019184840051175134
0,0.0005714872355509109
0,0.0009225814413998948
0,0.0005214924399951697
0,0.0011776217623734272
0,0.817528897427203
0,0.040496608730301614
0,0.000556039006513328
0,0.0010950812462557013
0,0.0008574841502691718
0,0.0006319794067583471
0,0.0015078542509506247
0,0.0010983994510501396
0,0.0014212374075556553
0,0.0007194220668995207
0,0.0013942348684452543
0,0.0009052190124402223
0,0.0005998304242137441
0,0.0009118659664156388
0,0.0005562474859542421
0,0.0007886275305269476
0,0.0013680157514682843
0,0.0015591655089151923
0,0.0005583643303603642
0,0.002074105002897131
0,0.002018455450883227
0,0.0006162133968120579
0,0.0014884964979309735
0,0.0005788223688656922
0,0.0007171231654804804
0,0.001115734631392798
0,0.000556039006513328
0,0.001340570543476924
0,0.0027387007322246613
0,0.0009411368251322728
0,0.0016699450802454203
1,0.10887553505571812
0,0.0037154003330796413
0,0.0038969896717784974
0,0.0024169149216684465
0,0.0017654298747360633
0,0.0026622917048357785
0,0.002418064265668219
0,0.0006083113455667129
0,0.10258581959590016
0,0.0008143872678213252
0,0.0011335248330331081
0,0.0014116170113132925
0,0.001965988138944425
0,0.000745633137300426
0,0.001695690725368966
0,0.0014017845324352297
0,0.0006983536479857401
0,0.003944747821633944
0,0.0015387201480062005
0,0.06234316883271359
0,0.001059644772270068
0,0.001635625763725514
0,0.0005322066132012843
0,0.0013219206688621738
0,0.0014580902073457985
0,0.0011022142828537207
0,0.004429179806401001
0,0.0010493129796612366
0,0.0005013801113748277
0,0.0005772760947935797
0,0.0006588286900163836
0,0.0010143919544841021
0,0.0009715296200293429
0,0.0006412371961134265
0,0.008038947277107517
0,0.0006462366925536059
0,0.0014222395732218479
0,0.0005068776017260062
0,0.0005696545800040239
0,0.0007886654092764227
0,0.0005789491550799732
0,0.0010250974651687696
0,0.5258759552004203
0,0.001109602630444943
0,0.0005498854773437077
0,0.0005137336188994216
0,0.0015199648219206426
0,0.0009692822579873069
0,0.022621148542393343
0,0.0015971799869867525
0,0.0006875300980731492
0,0.0007744033793607157
0,0.0028481095632923977
0,0.0009092752296045968
0,0.0005777027426761782
0,0.0006267566881250628
0,0.004980169653082838
0,0.0005821274303668329
0,0.0011526455013984188
0,0.0025694454577453994
0,0.0006172712288708625
0,0.002214009102532642
0,0.0006974187075437921
0,0.0021251142632476927
0,0.0006116930356989791
0,0.0011228122351690786
0,0.0013706348921508859
0,0.0011001299281138107
0,0.0015191055309939038
0,0.0005685206371512423
0,0.0019618791259720146
0,0.0011561337674994992
0,0.0013390399149093724
0,0.0005802676612623408
0,0.0005403764397147141
0,0.0005998304242137441
0,0.0014400701583861797
0,0.0023774996213409057
0,0.003962440042907307
0,0.001481481240054392
0,0.001410529607926527
0,0.0012013352347480684
0,0.0005827992166837691
0,0.0012395330439541681
0,0.000990180064369517
0,0.0007059116007637902
0,0.0011513503751150256
0,0.0008497729871081011
0,0.000977662356589224
0,0.001475225751391205
0,0.0026461157112202404
0,0.0010849968297262688
0,0.0007552086453136129
0,0.0014166615068199394
0,0.0010574624685125863
1,0.17703070404378887
0,0.0013404537810166872
0,0.0008415109866557945
0,0.0010253682271128112
1,0.9646852113145173
0,0.0005771307746248081
0,0.0011994740497103778
0,0.0013912095566580083
0,0.00083588474259542
0,0.002027003217483636
0,0.0015083751902438478
0,0.0005673386516532331
0,0.0010938621342005085
0,0.0017532597106801888
0,0.0015582910499947753
0,0.0009923160772312635
0,0.0012506775337752757
0,0.0010133534058716343
0,0.0018945792561354444
0,0.001036143944380953
0,0.003127223421106169
0,0.0007538765075826393
0,0.0018081275854890143
0,0.0007508305864366147
0,0.0011401057568099376
0,0.09855521457727409
0,0.0005994085741394931
0,0.0008015777404044403
0,0.0006011299066334302
0,0.002444658007144861
0,0.0007744033793607157
0,0.0005450052714899827
0,0.0010533359527652609
0,0.0011201501031755335
0,0.0006011299066334302
0,0.0009335299911504694
0,0.0014055421294969902
0,0.0008425579327080285
0,0.0005696545800040239
0,0.0024971631492256654
0,0.0006034992037083895
0,0.0005450052714899827
0,0.0008009132350606671
1,0.48474178871982915
0,0.0037638951064058006
0,0.0007768798703018711
0,0.0006833032923484684
0,0.0009409342198595943
0,0.0009293187369973173
0,0.0011344571714518947
0,0.0008626707768276308
0,0.0010327601123914117
0,0.0005816811505449542
0,0.0030012668693411935
0,0.0010828770258634213
0,0.0006727766917054393
0,0.001213237349523907
0,0.002779910116501885
0,0.005015699922719712
0,0.0005492036821690454
0,0.0011094621758249532
0,0.004603108883813055
0,0.001489723195069111
0,0.0011244366690554373
0,0.0007915830981191256
0,0.004321896902007982
0,0.0007655709343954337
0,0.0016311074265415826
0,0.0012323329221847505
0,0.00154329431838556
0,0.0005686063870052182
0,0.01967530920480643
0,0.0011499553222961716
0,0.0015829474409914009
0,0.0013980953884752691
0,0.002357186452378538
0,0.3434052536042473
0,0.0006067774438834333
0,0.0014669907865565116
0,0.0007779655948146933
0,0.0012966535708341833
0,0.0010903812744979876
0,0.0006865809307726846
0,0.0007886275305269476
0,0.0010949525551745354
0,0.0007538765075826393
0,0.0014708762230765697
0,0.0014585678021797302
0,0.0006688778320907059
0,0.0007454815991725175
0,0.041635305743155465
0,0.0009271786305889853
0,0.0005744563604686714
0,0.0005587352881828831
0,0.0010852613398620809
0,0.0007473733319818253
0,0.0014441522232813851
0,0.0014620776405317602
0,0.001236935709662546
0,0.0030111723782493293
0,0.0006213518295202921
0,0.001396067537704993
0,0.0012282265190567206
0,0.14889892991383924
0,0.002780020453780088
0,0.0007930205318901568
0,0.0012025934389341317
0,0.0013228564769513027
0,0.0023961865188698826
0,0.0028972429201802475
0,0.0012791177785215716
0,0.0009690341831908504
0,0.0010198408450513056
0,0.005779061616498404
0,0.7104052850682839
0,0.0005955425129422396
0,0.0006130861127809063
0,0.0009016399395914705
0,0.0013592529396773405
0,0.000700668794279329
0,0.0013300048221216952
0,0.001148649620540823
0,0.008600729883075515
0,0.0011126900953281566
0,0.000835079724783024
0,0.0012082126562149406
0,0.001482952993683321
0,0.0020601858546951983
0,0.002286619476200256
0,0.0015618916128725478
0,0.08057655338753555
0,0.0015812831936045629
0,0.03642020758586847
0,0.0007658462395668357
0,0.0007375484405474783
0,0.0008933024656337437
0,0.0010255217650928185
0,0.0011513522700196573
1,0.9605228659548333
0,0.0008265616319698069
0,0.0021889373052674066
0,0.0015674907246704293
0,0.08427515881289478
0,0.0007194220668995207
0,0.0016572729233038197
0,0.001472675860673093
0,0.0020094772546365744
0,0.0007172608437815669
0,0.00068710460051011
0,0.002069285646173675
0,0.0007972316090185573
0,0.0019477798822550294
0,0.0006117540077434455
0,0.09743596848539815
0,0.0005485834534883224
0,0.0006060937669267117
0,0.002404969669558545
0,0.0012537053944172152
0,0.0008535306910708652
0,0.0005725487693874072
0,0.0009984892171059007
0,0.0018765706613944632
0,0.0006038203372769954
0,0.0007188611632523414
0,0.0007981668326707953
0,0.0008576682979527031
0,0.0028483634010713042
0,0.002894238099735378
0,0.0017190374638727083
0,0.000750978191042945
0,0.0010746245262347328
0,0.0019462943940465867
0,0.00142443970899904
0,0.0046297509944533645
0,0.001467663242717783
0,0.002610927382765143
0,0.001174666082391764
0,0.002233851274998713
0,0.0011867482676461653
0,0.004541764586080801
0,0.0006075372854739993
0,0.0017467226259057546
0,0.0012617246753079368
0,0.0018216276796573737
0,0.001587480568027047
0,0.00481431628415016
0,0.0014325866664786076
0,0.00136585698884803
0,0.04873030889033001
0,0.04384943949606201
0,0.0013508087230810549
0,0.001258606808072914
0,0.0005897184295563103
0,0.0015178966830158135
0,0.0013006564528322566
0,0.0023529440593953433
0,0.06245059662405756
0,0.0012669050507982324
0,0.0010546961102173489
0,0.0013410975761859623
0,0.0008167688590566654
1,0.7955889712432196
0,0.0026883111436574003
0,0.0010008713932825792
0,0.0015969140450422092
0,0.00066523104082048
0,0.8965087163878225
0,0.0008907665317248206
0,0.0014787987727804736
0,0.0013377550152864032
0,0.0005661185270227268
0,0.0007698641113805906
0,0.002939691436543872
0,0.0005979939563026804
0,0.0005485834534883224
0,0.0012082126562149406
0,0.0006392594853800022
0,0.0015572257068878752
0,0.0010821695197312257
0,0.004890476218116119
1,0.9084624203726617
0,0.0012491245584874786
0,0.0004895541597929225
0,0.005705331360165814
0,0.0009773168070615584
0,0.005492572057446291
0,0.0021749546259653496
0,0.06161152278688933
0,0.35315946921704683
0,0.0013835190627557298
0,0.000564465044424151
0,0.0008374594817715058
0,0.0013534162879788084
0,0.0005459361346363081
0,0.0008463881355480333
0,0.8541958549194479
0,0.0012553522331005447
0,0.0027427574433615386
0,0.000741079801656506
0,0.001222513486347273
0,0.004026259528473025
0,0.0005686063870052182
0,0.0020122976765939407
0,0.0014588427572319474
1,0.43402348254879713
0,0.0012816555697883964
0,0.0007762312983867784
0,0.0011435760708766805
0,0.0035694256810599218
0,0.001128068725993528
0,0.0006397456094045545
0,0.0011791727411727833
0,0.0005685206371512423
0,0.0010716678127446178
0,0.0009044524510006073
0,0.0016284029566292
0,0.0016217723692300435
0,0.17611844648676045
0,0.000805456533685364
0,0.0033572227983782585
0,0.004527417915542749
0,0.0005120463885016086
0,0.0016325599049742767
0,0.002056175746183169
0,0.0012454154195123033
1,0.635656602085184
0,0.0016198895374506716
0,0.0008537594376848586
0,0.001587480568027047
0,0.010404818158017113
0,0.0010739091102335192
0,0.0027074175711401896
0,0.001772592321311118
0,0.22500106495198421
0,0.001077904687511405
0,0.0012236798935301226
0,0.10224536682589089
0,0.000957955595269985
1,0.9490633664371975
0,0.001646879337052828
0,0.0006514647890524317
0,0.0016655886281362446
0,0.8362784962655979
0,0.0014449045058854391
0,0.0007324558106614591
0,0.0009412910752012396
0,0.0005643345963860197
0,0.0016468057204930859
0,0.0005403764397147141
0,0.0008188363449202291
0,0.002217745043187683
0,0.001227252277651304
0,0.0011070803866757666
0,0.0052649950598819915
0,0.011201399941395436
0,0.0008427491060458965
0,0.0032186756366639822
0,0.0005403764397147141
0,0.0006777116696935483
0,0.0018349949439199317
1,0.9663444438024748
0,0.001366095944733337
0,0.0012439474381739256
0,0.004481064321502995
0,0.0008429567653674795
0,0.0006233979090749779
0,0.0020302562335025127
0,0.0007840434913777555
0,0.03764907977066694
0,0.000617472310434985
0,0.0018726591955494035
0,0.05147651338328079
0,0.0011270138430199948
0,0.031707607449539696
0,0.0008300386959064593
0,0.0006166551030451743
0,0.0026171730664830465
0,0.0005754540110091689
0,0.0005994085741394931
0,0.001498641244897141
0,0.0006013695987892725
0,0.005739561239948191
0,0.0006191391962046948
0,0.0004765736323656857
0,0.0007652591635876307
0,0.00200966509243367
0,0.0007803284766125763
1,0.9075708609641039
0,0.0024567863245297285
0,0.0021110338955446554
0,0.0052006043593048
0,0.0013283118252778985
0,0.0009395097234143989
0,0.0009267771923663952
0,0.000925828514608848
0,0.005568086810354455
0,0.0005524185068441608
0,0.0008533474310031812
0,0.006765808495713157
0,0.0005994085741394931
0,0.0006217821722410053
0,0.0005938529506075876
0,0.0005326492406686483
0,0.0033923758983432743
0,0.6769127677937191
0,0.0007733450975498688
0,0.0006027389262276619
0,0.0018466014050360995
0,0.0021250415571809414
0,0.00161522786835568
0,0.00859455050252288
0,0.000839046883387238
1,0.1923867339287872
0,0.0007378894142579727
0,0.0010820825413961643
0,0.0005927400794093212
0,0.0007551922842924173
0,0.0013742148190124042
0,0.0004936000406653938
0,0.0009516926392839812
0,0.0005490390165278886
0,0.0009480136544270521
0,0.002088918114579472
0,0.0028370920472036783
0,0.006750410506659428
0,0.0006401321672309084
0,0.0006011299066334302
0,0.20740787237262318
0,0.3488591191741129
0,0.002662601644947692
0,0.00047888476413434993
0,0.0004765736323656857
0,0.0016338808297388491
0,0.0006753200593980646
0,0.0005613014970091092
0,0.0031604797692443443
0,0.000819789186101031
0,0.0011563475087608805
0,0.0008466752649514208
0,0.001384570070859519
0,0.0016995364010704002
0,0.0006023150318884221
0,0.0007265303768566784
0,0.000561803484359524
0,0.0006047387353580451
0,0.0006034341436223622
0,0.0015829664741480428
0,0.0005268374409045221
0,0.0013861480090750756
0,0.002552293688470132
0,0.0005433105988821756
0,0.001345057374365279
0,0.000518163720575262
0,0.0007346364727506408
0,0.006585314707716149
0,0.0007157555273006167
0,0.0006874980617907584
0,0.0051227304216654385
0,0.0007784083182117055
0,0.0029548039929106853
0,0.001079461312887795
0,0.001316300228423049
0,0.0013377899187204593
0,0.002014974352857139
0,0.0010343815888747372
0,0.0006028605906562814
0,0.0014347991912636196
0,0.0006563032358028333
0,0.001174666082391764
0,0.0005407766183602099
0,0.0009373534253869898
0,0.0008535306910708652
0,0.0008301044657305179
0,0.000542996813494042
0,0.0009359248925971906
0,0.0015813172461071098
0,0.0009978705357801218
0,0.0009049961796489985
0,0.0015888743223809434
0,0.0008357052680892106
0,0.0008423347515968138
0,0.0010833117695221652
0,0.0010941380603537337
0,0.000995507993949927
0,0.0019397186461001716
0,0.0012134939454096084
0,0.0007932603410203842
0,0.0014585303129380077
0,0.318575919240059
0,0.0015126652094750938
0,0.0007178981936989961
0,0.0005485834534883224
0,0.000622763942243813
0,0.00151808758174809
0,0.0010026838635567893
0,0.0011454140347132544
0,0.0008229245221730208
0,0.0006301028557310418
0,0.0016505427397195723
0,0.0008526110954489239
0,0.0006004185799729201
0,0.0011284996855721598
0,0.001300580942305127
0,0.0020056817249150334
0,0.0006011299066334302
0,0.002180816814197319
0,0.001046684512256737
0,0.0014902181863976614
0,0.001206488405320208
0,0.0006012590344870377
0,0.006617613256865821
0,0.0004961025652538882
0,0.0013405516633853082
0,0.001261498416903351
0,0.0018561500393018354
0,0.007603670374736123
0,0.0009354595847248193
0,0.0005879388762223041
0,0.0005413048092628203
0,0.0004919282093197986
0,0.0005989094529202666
0,0.0010209690341897077
0,0.0022691431780728706
0,0.0013243376730654138
0,0.0012900430259602806
0,0.0030587283421461653
1,0.6636281976875616
0,0.0028668959946382055
0,0.0013589335226832596
0,0.00127004493680227
1,0.9332717571737658
0,0.003121042311448954
1,0.46522221477676406
0,0.000847639488376898
0,0.00039048309677055805
0,0.019571527656908148
0,0.00037933804673541296
0,0.00031562395999333397
0,0.09137168828313044
0,0.0009096654477041056
0,0.0010232983350861584
0,0.0009345525107944224
0,0.0003178968483033158
0,0.00033502783049223054
0,0.00044795635405035214
0,0.0003460620456528069
0,0.0008677131936336427
0,0.0008859156181870005
0,0.0683811164864341
0,0.002553712068014939
0,0.0003096651479207855
1,0.945113022434449
0,0.0017346962181732338
0,0.0008703103111664569
0,0.0007369294440960184
0,0.0045222301124909344
0,0.002154910978349643
0,0.0003378310335203031
0,0.0014087107744917427
0,0.00025854264579283816
0,0.014890190768418726
0,0.0009578346642928979
0,0.00028211575748822556
0,0.0002897504550769938
0,0.0003613084169996882
0,0.0003220653898328951
0,0.0002991005641262377
0,0.0011898382774451436
0,0.0006646908458476533
0,0.0011859568056699897
0,0.0003153258994901929
0,0.00029434259821575445
0,0.00036674590371121694
0,0.0017129491976818402
0,0.00030845057702291555
0,0.00032868282872384227
0,0.00033837160226459325
0,0.001110842981568442
0,0.0005539749384428837
0,0.0008306089867717845
0,0.0006482997982045663
0,0.003756895715566632
0,0.000592996875863664
0,0.0002816227084169861
0,0.0024662531912939957
0,0.00025812479052725535
0,0.001749291219599951
0,0.001587280454439609
0,0.0005114005361630246
0,0.0009241413339030932
0,0.0009715437143799644
0,0.000626715574068102
0,0.000536919270639173
0,0.000514106209328188
0,0.0018026839786352293
0,0.04412927961689903
0,0.0005560721749720502
0,0.0010060786207188956
0,0.0005585541756966252
0,0.0014241153230001233
0,0.0019062882369614532
0,0.0009005146690548842
0,0.046850285564192386
0,0.000329652991743851
0,0.0008813598848791954
0,0.4542168934108478
0,0.059032479529990724
1,0.8885030080183134
0,0.0006626458115359148
0,0.0015483635862592279
0,0.000695657820434044
1,0.5785293417701288
0,0.0003515178457636454
0,0.0006854909697730326
1,0.1773138026690868
1,0.28052179999190163
0,0.00033011093587273494
0,0.0007760727470012514
0,0.00029637113153749555
0,0.0008195197758326653
0,0.00036144278559035136
0,0.00037567405619904606
0,0.00027262303779697057
0,0.0005675021655302632
0,0.0009182558013064607
0,0.0004878076007133987
0,0.0006366434685349861
0,0.0007956064436283399
0,0.0010121618356030804
0,0.0005107847805684836
0,0.00031411024055272036
0,0.0009435921693048213
0,0.0009903004779311837
0,0.00036144278559035136
0,0.00031393934515578823
0,0.0003577481280440139
0,0.0004702303345432627
1,0.8069082418480927
0,0.0018436317613437865
0,0.0003738028666273283
0,0.03911070858131175
0,0.00032657260604242064
0,0.0002727650762973518
0,0.054147820262808774
0,0.0019672656809264764
0,0.0012588588746024767
0,0.00031793121132131453
0,0.0009841813819269052
0,0.00037002945825196005
1,0.7811413884513632
0,0.05364671896456656
0,0.0008635657593642005
0,0.001508029732047423
0,0.003025575357758356
0,0.0003681382921765138
0,0.0009396289381311526
0,0.0011819941019963205
0,0.0016400624799665817
0,0.00033988721121232154
0,0.0010366180836103077
0,0.0004965566398501501
0,0.0009841460407973585
0,0.0016689056051015915
0,0.0015373994829274873
0,0.003034953455060121
0,0.0013433492479387754
0,0.0008389758472633543
0,0.0379390881436606
0,0.0007711921664259501
0,0.0023134872760147123
0,0.0010091240987989386
0,0.004191100386542979
0,0.0003635022926643461
0,0.00044936829906084614
0,0.0002945145193595921
0,0.0006216882672232045
0,0.0003741720318144436
0,0.6426712328175157
0,0.0006064885611132881
0,0.0008869385067020017
0,0.00031402642422048656
0,0.0016165002473492555
0,0.0035046348062993276
0,0.0003415813151781598
0,0.0003791773074623277
0,0.00033505109206281457
0,0.0021210202753531235
0,0.0002735162353738211
0,0.000421448484979604
0,0.0030135659767035893
0,0.0009593820289965743
0,0.0008701604556291526
0,0.00031011849674040463
0,0.0008351885772501671
0,0.006685644222750649
0,0.07885638144492974
1,0.9012065121089409
0,0.00031562395999333397
0,0.00031550365816853656
0,0.0010047861888779408
0,0.00034342341884852664
0,0.00038406216717335124
1,0.11474507042606814
0,0.001167148290915831
0,0.0008264365747091174
0,0.047898414555342154
1,0.7410767541300661
0,0.0019243695413465696
0,0.00037567405619904606
0,0.0003220653898328951
0,0.0008967826895980692
0,0.0003222807707914329
0,0.2123774678226945
0,0.0009146453879320715
0,0.00048359262711325534
0,0.0009950210526297558
0,0.0013634617562254595
0,0.00036932282721404287
0,0.00047016045580054527
0,0.00033811018872085895
0,0.000493869585397271
0,0.0004217859835381484
0,0.00026769617788649096
0,0.0021751399003505263
0,0.004340276636501315
0,0.0003130609083744122
0,0.0002766678543985905
0,0.00028996243317202635
0,0.010951821994067287
0,0.0015469732143363608
0,0.00026029661003159797
0,0.0007827986016163823
0,0.6579699137603682
0,0.0005953751923008123
0,0.0008920456874521112
0,0.0005995903845124102
0,0.0003038279792662635
0,0.0020995494225224984
0,0.00033066872160422543
0,0.0010477881775485555
0,0.004550725231054172
0,0.0006008792473542119
0,0.0002761587096385578
0,0.00030792638464108974
0,0.0007272746156138863
0,0.0016843985634204684
0,0.001088963768901455
0,0.00030676932953675425
0,0.001080652930938622
0,0.002837139746969988
0,0.0007425862618961587
0,0.010118836810164684
0,0.0005826326072279371
0,0.0046167478639367165
0,0.0008094065823478579
0,0.0008452945605780491
0,0.0006365046992787569
0,0.0014676316645068409
0,0.0011515883341701658
1,0.8983606004679553
0,0.0007738607096503594
0,0.0008493397144240002
0,0.0009559292111469437
0,0.0013943009153699003
0,0.00028204358401519015
0,0.0011567297090642815
0,0.0018308022544646662
0,0.0004388317159109796
0,0.0008746037501021607
0,0.016394011577018072
0,0.009741985992145761
0,0.0015767363768234921
0,0.0020370644459866962
0,0.00030308592630385754
0,0.0017468466837067776
0,0.00044212926849114244
0,0.0007016244239518325
0,0.004824611296357516
0,0.0011487414280973059
0,0.0003554846629508493
0,0.0003053118834412145
0,0.0048355447669122045
0,0.0008466972279417753
0,0.18802303685961738
0,0.00032844320131268385
0,0.0003795062220515414
0,0.0003610082026731752
0,0.0025748221518697143
0,0.0003028524050379235
0,0.0007091536606034718
0,0.0008162037211466714
0,0.0003896985704873238
0,0.0018621323251360128
0,0.0003066608802833769
1,0.9784519840825543
0,0.0008843501386800088
0,0.0007485415875584533
0,0.004152363371246836
0,0.0002902740640013141
0,0.0006181280721811793
0,0.07794982861148393
0,0.0003558752198847702
0,0.037655308716430004
0,0.00038083606143170414
0,0.000310507028210599
0,0.000768353702150332
0,0.0003543535489362642
0,0.06369223372911584
0,0.00037936514081510334
0,0.0007229936428591459
0,0.0007399847160704243
0,0.000792673826704675
0,0.0026547689898248667
0,0.0011405600428026446
0,0.00026603510263938833
0,0.0002826451462695657
0,0.003120370104387501
0,0.0006282894522542243
0,0.00255274297975681
0,0.000605973614342758
0,0.00037567405619904606
0,0.00032312499699406363
0,0.000274189963294471
1,0.7654223982530374
0,0.0009676486696446389
0,0.0017175829376980902
0,0.0019517564049200545
0,0.0008189716957314409
0,0.00044673770436453995
0,0.0003093960913687054
0,0.00045339478215002924
0,0.00026184297209732395
0,0.0005934395110203956
0,0.0003676939458716294
0,0.00030405448655112973
0,0.0003482809952483288
0,0.0009294710858118592
0,0.00028567649974216134
0,0.0002790229063922146
0,0.0009074613816976839
0,0.00033028937355753684
0,0.0030032651614975933
0,0.0016954175629119788
0,0.0011179427018822333
0,0.0006961314995073023
0,0.0014598780363576614
0,0.002059825391194644
0,0.00030491531207873314
0,0.0026708375713402717
0,0.0009162617971141965
0,0.0007070880881140046
0,0.002462228763150556
0,0.0007680157509295536
0,0.0014316269716509874
0,0.0010072778845946486
0,0.000272256729648446
0,0.0008282478337303238
0,0.15166387505221737
0,0.0007668994175751705
0,0.005954565071571892
0,0.00028508513976013204
0,0.0003341639222721598
1,0.4814291628301535
0,0.0003153258994901929
0,0.0009657770844186027
1,0.036740911782601755
0,0.017089880202759335
0,0.0018582960149527697
0,0.0005558947677342146
0,0.00042226367249620426
0,0.0003810656904400174
0,0.003310788246261776
0,0.0016729293940043837
0,0.0009971903306999952
0,0.000598015576873698
0,0.04105278803782976
0,0.00042258900000658747
0,0.0010561094584845636
0,0.0003163521704473326
0,0.12428657543319604
0,0.0003468246199608034
0,0.8784714245736142
1,0.6813019089471143
0,0.0005355193834983037
0,0.0007734396638363607
0,0.0005953751923008123
0,0.0008183053916134585
0,0.0018686974461072624
0,0.0002649330438276043
0,0.00031411024055272036
0,0.0008231187517798833
0,0.0017301753780124926
0,0.0027676977151357427
0,0.0009091134963037516
0,0.004948418776417921
0,0.00033701606904894136
0,0.0012561240448623028
0,0.0011748934926604695
0,0.0023058760480208634
0,0.00033297430813417
0,0.0009449548970570527
0,0.00041433090438134794
0,0.0004265594917184214
0,0.001182483121457122
0,0.0006340827608441697
0,0.0017981100652078794
0,0.06716254202627539
0,0.00030132549527416366
0,0.0003439423455195953
0,0.0016638074255743772
0,0.0011858258361176985
0,0.3555826712062693
0,0.0008158813664615799
0,0.00030971930111417387
0,0.05340302845822144
0,0.00669042675536674
0,0.02933524855599375
0,0.0003004274176524347
0,0.0016884643555966094
0,0.0008845622979032525
0,0.0004107152510964127
0,0.00032824966488271737
0,0.001643350946783624
0,0.0003369307023316626
0,0.0006404269498879959
0,0.0016166344290328752
0,0.001468360656140142
0,0.00026951687776381625
0,0.00048944540665815
0,0.00036589867053026805
0,0.0008692105692704072
0,0.00041803639854573926
0,0.00038136276432796593
0,0.00031550365816853656
0,0.0013899307519324028
0,0.0002737525622933938
0,0.0008599842261148529
0,0.005451465623074859
0,0.0002914446190384886
0,0.0003183726246818987
0,0.0010209120072166393
0,0.0009445086131050916
0,0.0013038595147739861
0,0.00030845057702291555
0,0.00031411024055272036
0,0.0013406618556515636
0,0.00032278897411582464
1,0.8008148214466114
0,0.003226927785563744
0,0.0005499924873342885
0,0.0003253079991758737
0,0.000642741845734456
0,0.0008952177386483623
0,0.0006929000361089557
0,0.0003277306076046189
0,0.000988180388219425
0,0.0002851520454912271
0,0.0003924407172704621
0,0.00031739005070682505
0,0.0029623600090093456
0,0.0013972571497100365
0,0.00032583962619018447
0,0.00030845057702291555
0,0.00225164115579456
0,0.00033831527844634015
0,0.0003255692439706607
0,0.0012851976751390736
0,0.0005390817926136679
0,0.00029390608689723764
0,0.0005306434683250922
0,0.0016496687547650508
0,0.00042966082700963406
0,0.0017572785811510692
0,0.00036214100767337806
0,0.0007281810389333468
0,0.003738960065776513
0,0.0005659909583203887
0,0.0004332518385866022
0,0.001995628719532057
0,0.0031260948660850763
0,0.0009912859708629642
0,0.00095584126748454
0,0.009218666120701224
0,0.0002991005641262377
0,0.0002674046700366413
0,0.0002840500356151033
0,0.0002667197508125198
0,0.0003490818503573072
0,0.0035918069630670726
0,0.0005859873366460351
0,0.004398265304590695
0,0.0027494571264616583
0,0.0423787333380002
0,0.0005360583043568559
0,0.0010360106820565451
0,0.020701587175194002
0,0.0010413862416976474
0,0.0013029993746520839
0,0.0005839520529916853
0,0.00036825295666837794
0,0.00033096449866442437
0,0.002153930858853731
0,0.00029354584282666456
0,0.0003199177609347208
0,0.00849865963529765
0,0.0014569252341198329
0,0.0015113176653753202
0,0.00028275474391750927
0,0.00047907929592855286
0,0.00028559929575132587
0,0.00135021734501131
0,0.0010189839594641112
0,0.0009626672008086815
0,0.0017305313804313177
0,0.004457212786457107
0,0.0003991836865528971
0,0.0002859124497055834
0,0.0011288420440734722
0,0.000346329236414483
1,0.05725925684327314
0,0.0012350244696090985
0,0.001321813488059018
0,0.0007456487625259073
0,0.0011157424387741924
0,0.00041378943271487025
0,0.00047708314398147285
0,0.0006973906155067392
0,0.0003413920533865316
0,0.0006747055619240877
0,0.0006631851245309711
0,0.00031362351556539416
0,0.0005730604302635383
0,0.001022843812071553
0,0.0019054679414060515
0,0.0007776077211400174
0,0.0014444056762715689
0,0.0013987248907955379
0,0.0006064046788991544
0,0.0006281798511286875
0,0.0004580373887129833
0,0.0006844857712941958
0,0.00031411024055272036
0,0.0007635118448943886
0,0.007889125792128191
0,0.0006933020769957542
0,0.0035393041671853346
0,0.0003806072614413317
0,0.0013433492479387754
0,0.0010358920390926335
0,0.0016127899225837664
0,0.0003698684656033772
0,0.0008990306552965104
0,0.001433212155688114
0,0.005034836725463711
0,0.0010444695871667574
0,0.00030971930111417387
0,0.00139079608437009
0,0.002280582905439167
0,0.006896114374205228
0,0.00030971930111417387
0,0.001102357917100566
1,0.9048505047490046
0,0.0008324433214395976
0,0.0007007591161850942
0,0.0014788341322393092
0,0.00037113327517596545
0,0.0005223778042517405
0,0.0003234834176247061
0,0.0066031430146210575
0,0.0015041815602395495
0,0.0008444125803802038
0,0.009382428014319627
0,0.001085405633031461
0,0.001306283037215645
0,0.00035276788152585267
0,0.00034609386017960464
0,0.0004749566325643512
0,0.0049444962382260435
0,0.0007055393552716974
0,0.0008215408777587044
0,0.044995995879077134
0,0.0002891458948054867
0,0.0004922772072505118
0,0.0005188891758575633
0,0.4121325126183693
0,0.03157093257918024
0,0.00035011181328530126
0,0.0004033975387634318
0,0.006101357181885294
0,0.0008034125278934925
0,0.0007156314221744786
0,0.0007945088476066553
0,0.0034365584253004482
0,0.000550503159950074
0,0.0002844261931295271
0,0.0008203646494267667
0,0.0009135835303755434
0,0.0017305313804313177
0,0.001466494423615633
0,0.0004701744196837502
0,0.0007872806928708896
0,0.000503597938631148
0,0.00029241127988373773
0,0.002439169978185306
0,0.0004482278695858847
0,0.004160032593577146
0,0.0009507015395911116
0,0.0007372439224520261
0,0.0007455950806380116
0,0.00042297698986341816
0,0.00037936514081510334
1,0.0010809215844068347
0,0.0003107813619314575
0,0.0016531871991568102
0,0.00039658414015645183
0,0.0010213888974335444
0,0.0008266673824252208
0,0.0014421344680177928
0,0.0010960654144764395
0,0.0003868005913975743
0,0.00026698151416029264
0,0.00030845057702291555
0,0.001064811339530402
0,0.00035008751293816754
0,0.001011660201119525
0,0.0003515178457636454
0,0.0009626672008086815
0,0.00031621250487269765
0,0.00035420937906268865
0,0.0007178191310510331
0,0.004697319541438399
0,0.001057988850792527
0,0.0030068448763189036
0,0.0021766001976993767
0,0.00027104198746370404
0,0.00040299025701967425
0,0.0011467258896928332
0,0.003933339479412748
0,0.00040248686310790407
0,0.0012845108604688294
0,0.003703151541703943
0,0.00032064300171351747
0,0.0008557123983927545
0,0.0008065568537013008
0,0.0005149013265084088
0,0.001349196048483045
0,0.002262641411561757
0,0.0006309722234905322
1,0.943815172320192
0,0.00215788770174944
0,0.057447444392770136
0,0.0005923359570600996
0,0.0026181826926263275
0,0.0004414727261515157
0,0.0013841624364865385
0,0.000378828556835159
1,0.03229301589967447
0,0.0012905063738291277
0,0.0002991005641262377
1,0.9434933757509462
1,0.12118968223050967
0,0.0007807666757048639
0,0.000314017329528499
1,0.8667446950078278
1,0.39419832329538024
0,0.0007675502971457032
0,0.0012172024141507828
0,0.0005430618921220986
0,0.0018351300846479192
0,0.00032064300171351747
0,0.0011582864353569136
0,0.0011405600428026446
0,0.0003264726906655021
0,0.000865307271585372
0,0.0011436703315543778
0,0.0008849844470526104
0,0.004713615066099689
0,0.0019472972332934453
0,0.0006103451497183998
0,0.0019749658435133156
0,0.0004567786191428434
0,0.00033193536457551165
0,0.0016457293300682508
1,0.941776457330282
0,0.0007096223250484343
0,0.0029757479228143743
0,0.007229255781092788
0,0.18222583813202733
0,0.00035019718432746525
0,0.0016828389486485337
0,0.0009614643060535006
0,0.0005508129669314031
0,0.00030708829967529517
0,0.00028162241386496886
0,0.0007253420391769331
0,0.0003795062220515414
0,0.0002824570970039052
0,0.0025247823741816025
0,0.0010701706133308842
0,0.03747784283444049
0,0.0007566887141983687
0,0.0009774322603389564
0,0.0006803834704543673
0,0.0009252728338918664
0,0.002551939539995037
0,0.0003653275962849549
0,0.00039736446704370334
0,0.000573066051464523
0,0.0006407955250785038
0,0.0002959703326220614
0,0.00031550365816853656
0,0.0008308273339508062
0,0.0009468330165445883
0,0.0007888927786445948
0,0.0011422670064629493
0,0.00100292725548683
0,0.0008363308941725992
1,0.6998677470421153
0,0.00041863647240389097
0,0.0004153274187832626
0,0.0008730793725989997
0,0.0004023786161603548
0,0.0006665669739076485
0,0.002048541594688088
0,0.0003505656120333492
0,0.0008412050379435019
0,0.0009345525107944224
0,0.00039273240038705936
0,0.0007724244096888665
0,0.00033084548091670915
0,0.0008792719663014079
0,0.0003220653898328951
0,0.0018341595699904792
0,0.0008443969655315216
0,0.014764570588968615
0,0.0008906861085672238
0,0.00031912094523942714
0,0.004797125097438923
0,0.004668863635989927
0,0.00042073593920532353
0,0.0007132158186762956
0,0.00042285136777781696
0,0.0018234105079532844
0,0.00038383901413987983
0,0.0005254808855962257
0,0.00034491187399933806
0,0.0003738028666273283
0,0.0003081828496523426
0,0.0014781905266937872
0,0.0014885453579246558
